checked_at,block,feeds,ok,paused,late,stale,invalid,error,sequencer_up
2026-10-06T21:21:45.000Z,52266179,181,181,0,0,0,0,0,true
2026-10-06T22:21:51.000Z,52267982,181,181,0,0,0,0,0,true
2026-10-06T23:20:47.000Z,52269749,181,181,0,0,0,0,0,true
2026-10-07T00:33:42.000Z,52271937,181,181,0,0,0,0,0,true
2026-10-07T01:22:54.000Z,52273413,181,181,0,0,0,0,0,true
2026-10-07T02:22:51.000Z,52275212,181,181,0,0,0,0,0,true
2026-10-07T03:23:48.000Z,52277040,181,181,0,0,0,0,0,true
2026-10-07T04:24:04.000Z,52278848,181,181,0,0,0,0,0,true
2026-10-07T05:23:38.000Z,52280635,181,181,0,0,0,0,0,true
2026-10-07T06:28:11.000Z,52282572,181,181,0,0,0,0,0,true
2026-10-07T07:25:09.000Z,52284281,181,181,0,0,0,0,0,true
2026-10-07T08:25:46.000Z,52286099,181,181,0,0,0,0,0,true
2026-10-07T09:24:22.000Z,52287857,181,181,0,0,0,0,0,true
2026-10-07T10:23:56.000Z,52289644,181,181,0,0,0,0,0,true
2026-10-07T11:22:56.000Z,52291414,181,181,0,0,0,0,0,true
2026-10-07T12:30:15.000Z,52293433,181,181,0,0,0,0,0,true
2026-10-07T13:25:49.000Z,52295101,181,181,0,0,0,0,0,true
2026-10-07T14:24:48.000Z,52296870,181,181,0,0,0,0,0,true
2026-10-07T15:34:21.000Z,52298957,181,181,0,0,0,0,0,true
2026-10-07T16:25:59.000Z,52300506,181,181,0,0,0,0,0,true
2026-10-07T17:25:05.000Z,52302279,181,181,0,0,0,0,0,true
2026-10-07T18:27:21.000Z,52304146,181,181,0,0,0,0,0,true
2026-10-07T19:23:18.000Z,52305825,181,181,0,0,0,0,0,true
2026-10-07T20:23:32.000Z,52307632,181,181,0,0,0,0,0,true
2026-10-07T21:23:27.000Z,52309429,181,181,0,0,0,0,0,true
